id,first_name,last_name,email,gender,ip_address,city
1,Joseph,Zaniolini,jzaniolini0@simplemachines.org,Male,163.168.68.132,Pedro Leopoldo
2,Freida,Drillingcourt,fdrillingcourt1@umich.edu,Female,97.212.102.79,Buri
3,Nanni,Herity,nherity2@statcounter.com,Female,145.151.178.98,Claver
4,Orazio,Frayling,ofrayling3@economist.com,Male,25.199.143.143,Kungur
5,Julianne,Murrison,jmurrison4@cbslocal.com,Female,10.186.243.144,Sainte-Luce-sur-Loire
6,Lucy,Gamet,lgamet5@list-manage.com,Female,10.151.93.36,Pak Phli
7,Dyana,Howatt,dhowatt6@amazon.com,Female,224.169.61.29,Palmares
8,Kassey,Herion,kherion7@amazon.com,Female,245.51.154.79,Zákynthos
9,Chrissy,Hedworth,chedworth8@china.com.cn,Male,124.222.93.57,Boevange-sur-Attert
10,Hyatt,Gasquoine,hgasquoine9@google.ru,Male,221.155.106.39,Złoty Stok
11,Felicdad,Tarr,ftarra@shareasale.com,Female,145.203.98.173,Salamnunggal
12,Andrew,Bath,abathb@umn.edu,Male,64.36.30.186,El Hermel
13,Lucais,Chastang,lchastangc@goo.gl,Male,142.182.6.86,Tilburg
14,Car,Cerie,cceried@yale.edu,Male,203.204.69.107,Shofirkon
15,Alvera,Jepp,ajeppe@umich.edu,Female,202.150.229.139,New Sibonga
16,Joseph,Zaniolini,jzaniolini0@simplemachines.org,Male,163.168.68.132,Pedro Leopoldo
17,Freida,Drillingcourt,fdrillingcourt1@umich.edu,Female,97.212.102.79,Buri
18,Nanni,Herity,nherity2@statcounter.com,Female,145.151.178.98,Claver
19,Orazio,Frayling,ofrayling3@economist.com,Male,25.199.143.143,Kungur
20,Julianne,Murrison,jmurrison4@cbslocal.com,Female,10.186.243.144,Sainte-Luce-sur-Loire
21,Prescott,Caldeiro,pcaldeirof@chronoengine.com,Male,29.81.197.109,Patzicía
22,Granger,Lewerenz,glewerenz14@about.me,Male,126.53.131.38,Itambacuri
23,Tobie,Lewson,tlewson15@marriott.com,Male,111.144.164.250,Lushikeng
24,Knox,Sainteau,ksainteau16@ning.com,Male,169.28.54.18,Jiezi
25,Eliot,Vedekhov,evedekhov17@jiathis.com,Male,235.14.147.198,Stockholm
26,Honey,Crenshaw,hcrenshaw18@github.io,Female,200.207.16.70,Nanyue
27,Nariko,Clunie,nclunieg@utexas.edu,Female,237.85.98.58,Umuarama
28,Kalvin,Rois,kroish@unicef.org,Male,75.20.57.166,Marsh Harbour
29,Isa,Boycott,iboycotti@dailymail.co.uk,Female,48.82.184.239,Kalix
30,Benedetta,Glanert,bglanertj@timesonline.co.uk,Female,209.194.38.175,Tianxin
31,Poul,Caroli,pcarolik@cam.ac.uk,Male,176.134.222.111,Dingcheng
32,Virgie,Dran,vdranl@independent.co.uk,Male,87.224.43.109,Changpu
33,Gillie,Roantree,groantreem@nba.com,Female,240.133.255.198,Lirung
34,Tabor,Dawidowitsch,tdawidowitschn@free.fr,Male,102.236.160.230,Lamalera
35,Sarina,Choulerton,schoulertono@wisc.edu,Female,73.36.0.165,Íquira
36,Elbert,Seawell,eseawellp@live.com,Male,116.69.73.19,Vitória
37,Danita,Aldrin,daldrinq@wired.com,Female,98.171.121.136,Bringinanom
38,Jone,Dank,jdankr@miibeian.gov.cn,Male,188.201.52.190,Xiancun
39,Merralee,Lampel,mlampels@a8.net,Female,131.52.216.81,West Hartford
40,Charyl,Halstead,chalsteadt@amazon.de,Female,20.219.12.180,Las Vegas
41,Giuseppe,Karolowski,gkarolowskiu@narod.ru,Male,171.177.109.165,Mlangali
42,Sutherlan,Mundee,smundeev@nsw.gov.au,Male,68.91.169.230,Keluke
43,Alexander,Oldershaw,aoldershaww@so-net.ne.jp,Male,38.108.66.54,Capitán Bado
44,Blayne,Mattusevich,bmattusevichx@foxnews.com,Male,227.51.230.208,Vykhino-Zhulebino
45,Alfredo,Bohlens,abohlensy@nih.gov,Male,219.50.104.169,Lazaro Cardenas
46,Harman,Braidwood,hbraidwoodz@amazon.com,Male,100.123.214.249,Täby
47,Haslett,Sudron,hsudron10@nps.gov,Male,168.21.120.107,Oyabe
48,Jeanelle,VanBrugh,jvanbrugh11@cocolog-nifty.com,Female,59.112.24.10,Weifen
49,Hetty,Lightollers,hlightollers12@comsenz.com,Female,199.246.118.133,Château-Richer
50,Elmira,Goodhand,egoodhand13@tripadvisor.com,Female,83.5.248.21,Nytva
51,Granger,Lewerenz,glewerenz14@about.me,Male,126.53.131.38,Itambacuri
52,Tobie,Lewson,tlewson15@marriott.com,Male,111.144.164.250,Lushikeng
53,Knox,Sainteau,ksainteau16@ning.com,Male,169.28.54.18,Jiezi
54,Eliot,Vedekhov,evedekhov17@jiathis.com,Male,235.14.147.198,Stockholm
55,Honey,Crenshaw,hcrenshaw18@github.io,Female,200.207.16.70,Nanyue
56,Karmen,Soppitt,ksoppitt19@cdc.gov,Female,21.73.69.9,Anseong
57,Fairleigh,Sivess,fsivess1a@free.fr,Male,141.156.151.157,Vienna
58,Angelina,Stranio,astranio1b@latimes.com,Female,215.130.119.210,Chitral
59,Lilla,Erni,lerni1c@dailymotion.com,Female,244.94.188.95,Jiannan
60,Penn,Batson,pbatson1d@vimeo.com,Male,41.104.204.213,Caldas Novas
61,Salvidor,Cawthry,scawthry1e@youtu.be,Male,68.84.121.114,Habartov
62,Ker,Kellock,kkellock1f@japanpost.jp,Male,13.216.243.76,Guanlu
63,Lorne,Smouten,lsmouten1g@noaa.gov,Female,84.97.70.93,Nice
64,Elijah,Sore,esore1h@wikia.com,Male,189.118.42.113,La Romana
65,Harrietta,Northey,hnorthey1o@hostgator.com,Female,165.48.131.46,Columbus
66,Cariotta,Le Breton De La Vieuville,clebretondelavieuville1p@sfgate.com,Female,218.154.55.94,Guanqian
67,Lisetta,Allbones,lallbones1q@reddit.com,Female,240.28.254.181,Higetegera
68,Danielle,Jeduch,djeduch1r@ovh.net,Female,26.236.61.218,Dadiharja
69,Ingra,Andriolli,iandriolli1s@ucoz.com,Male,186.119.76.202,Dananshan
70,Ferdinand,Cruickshanks,fcruickshanks1t@lulu.com,Male,133.165.27.191,Saint Cloud
71,Salomi,Pinnock,spinnock1u@hc360.com,Female,20.234.128.32,Venda
72,Paxton,Chsteney,pchsteney1i@msn.com,Male,123.81.121.141,Labin
73,Ernie,Eddies,eeddies1j@disqus.com,Male,60.57.254.84,Książ Wielkopolski
74,Deb,Endicott,dendicott1k@buzzfeed.com,Female,29.187.172.187,Gamagōri
75,Morna,Masse,mmasse1l@vkontakte.ru,Female,245.114.22.71,Itaparica
76,Gregorius,Drains,gdrains1m@samsung.com,Male,9.2.68.145,Medovene
77,Raynard,Teaz,rteaz1n@issuu.com,Male,220.0.194.145,Birātnagar
78,Harrietta,Northey,hnorthey1o@hostgator.com,Female,165.48.131.46,Columbus
79,Cariotta,Le Breton De La Vieuville,clebretondelavieuville1p@sfgate.com,Female,218.154.55.94,Guanqian
80,Lisetta,Allbones,lallbones1q@reddit.com,Female,240.28.254.181,Higetegera
81,Danielle,Jeduch,djeduch1r@ovh.net,Female,26.236.61.218,Dadiharja
82,Ingra,Andriolli,iandriolli1s@ucoz.com,Male,186.119.76.202,Dananshan
83,Ferdinand,Cruickshanks,fcruickshanks1t@lulu.com,Male,133.165.27.191,Saint Cloud
84,Salomi,Pinnock,spinnock1u@hc360.com,Female,20.234.128.32,Venda
85,Lurlene,Snazel,lsnazel1v@smh.com.au,Female,244.2.252.88,Hitiaa
86,Penni,Sells,psells1w@booking.com,Female,245.53.159.172,Asahi
87,Stormie,Dougal,sdougal1x@cbc.ca,Female,63.157.30.92,Woniuhe
88,Baily,Hallwell,bhallwell1y@usnews.com,Male,55.151.17.139,Taytayan
89,Kristofor,Recke,krecke1z@microsoft.com,Male,12.155.58.230,Lukavec
90,Cherey,Dorricott,cdorricott20@cbslocal.com,Female,198.238.41.228,Batabanó
91,Eliot,Vedekhov,evedekhov17@jiathis.com,Male,235.14.147.198,Stockholm
92,Honey,Crenshaw,hcrenshaw18@github.io,Female,200.207.16.70,Nanyue
93,Karmen,Soppitt,ksoppitt19@cdc.gov,Female,21.73.69.9,Anseong
94,Fairleigh,Sivess,fsivess1a@free.fr,Male,141.156.151.157,Vienna
95,Phillip,Bartolijn,pbartolijn21@biblegateway.com,Male,46.108.220.240,Huskvarna
96,Karil,Hefford,khefford22@t.co,Female,238.187.151.199,Příbor
97,Loise,Issacof,lissacof23@dagondesign.com,Female,141.102.16.185,Shangdongjie
98,Rickie,Laybourn,rlaybourn24@nasa.gov,Male,39.144.8.98,Nova Varoš
99,Orella,Giacomuzzo,ogiacomuzzo25@alibaba.com,Female,10.142.244.217,Uglich
100,Calli,D'orsay,cdorsay26@home.pl,Female,66.172.27.41,Fort Lauderdale
101,Harli,Fakeley,hfakeley27@blogger.com,Female,187.170.131.49,Tempaling
102,Edvard,Morilla,emorilla28@ycombinator.com,Male,18.246.230.179,Emiliano Zapata
103,Almira,Eastmead,aeastmead29@soundcloud.com,Female,171.92.72.40,Göteborg
104,Kort,Blooman,kblooman2a@imgur.com,Male,245.7.50.99,Oenaik
105,Sigmund,Sessions,ssessions2b@bizjournals.com,Male,218.191.236.117,Bordeaux
106,Winna,Dodshon,wdodshon2c@tinypic.com,Female,104.5.161.50,Casselman
107,Norton,Raiston,nraiston2d@nydailynews.com,Male,38.85.237.249,Rudnyy
108,Moss,Doche,mdoche2e@microsoft.com,Male,113.41.249.243,Egvekinot
109,Jeanna,Mazey,jmazey2f@naver.com,Female,71.33.138.94,Wolomoni
110,Kerrin,Rojahn,krojahn2g@delicious.com,Female,42.80.219.36,Sonder
111,Luca,Frazier,lfrazier2h@i2i.jp,Male,217.45.176.54,Safed
112,Faina,Jarville,fjarville2i@si.edu,Female,15.70.138.160,Limoges
113,Skelly,Cragg,scragg2j@naver.com,Male,58.82.80.21,Wang Saphung
114,Mike,Kennewell,mkennewell2k@virginia.edu,Male,66.171.238.162,Pinghu
115,Trever,Bradie,tbradie2l@merriam-webster.com,Male,34.247.7.142,Pryluky
116,Ferdinande,Drought,fdrought2m@goo.gl,Female,38.16.55.1,Pajé
117,Brenda,Guiel,bguiel2n@time.com,Female,203.120.94.122,Bilalang
118,Matthiew,Vanyukov,mvanyukov2o@discovery.com,Male,57.225.42.87,Nehe
119,Rosalie,Stribbling,rstribbling2p@wiley.com,Female,153.96.166.231,Chinameca
120,Flor,Giuron,fgiuron2q@storify.com,Female,223.47.130.90,Forssa
